,Survived,Age,SibSp,Parch,Fare,Title_0,Title_1,Title_2,Title_3,Embarked_C,Embarked_Q,Embarked_S,Pclass_1,Pclass_2,Pclass_3,Sex_female,Sex_male
0,0.0,22.0,1,0,7.25,0,0,1,0,0,0,1,0,0,1,0,1
1,1.0,38.0,1,0,71.2833,0,1,0,0,1,0,0,1,0,0,1,0
2,1.0,26.0,0,0,7.925,0,1,0,0,0,0,1,0,0,1,1,0
3,1.0,35.0,1,0,53.1,0,1,0,0,0,0,1,1,0,0,1,0
4,0.0,35.0,0,0,8.05,0,0,1,0,0,0,1,0,0,1,0,1
6,0.0,54.0,0,0,51.8625,0,0,1,0,0,0,1,1,0,0,0,1
7,0.0,2.0,3,1,21.075,1,0,0,0,0,0,1,0,0,1,0,1
8,1.0,27.0,0,2,11.1333,0,1,0,0,0,0,1,0,0,1,1,0
9,1.0,14.0,1,0,30.0708,0,1,0,0,1,0,0,0,1,0,1,0
10,1.0,4.0,1,1,16.7,0,1,0,0,0,0,1,0,0,1,1,0
11,1.0,58.0,0,0,26.55,0,1,0,0,0,0,1,1,0,0,1,0
12,0.0,20.0,0,0,8.05,0,0,1,0,0,0,1,0,0,1,0,1
13,0.0,39.0,1,5,31.275,0,0,1,0,0,0,1,0,0,1,0,1
14,0.0,14.0,0,0,7.8542,0,1,0,0,0,0,1,0,0,1,1,0
15,1.0,55.0,0,0,16.0,0,1,0,0,0,0,1,0,1,0,1,0
16,0.0,2.0,4,1,29.125,1,0,0,0,0,1,0,0,0,1,0,1
18,0.0,31.0,1,0,18.0,0,1,0,0,0,0,1,0,0,1,1,0
20,0.0,35.0,0,0,26.0,0,0,1,0,0,0,1,0,1,0,0,1
21,1.0,34.0,0,0,13.0,0,0,1,0,0,0,1,0,1,0,0,1
22,1.0,15.0,0,0,8.0292,0,1,0,0,0,1,0,0,0,1,1,0
23,1.0,28.0,0,0,35.5,0,0,1,0,0,0,1,1,0,0,0,1
24,0.0,8.0,3,1,21.075,0,1,0,0,0,0,1,0,0,1,1,0
25,1.0,38.0,1,5,31.3875,0,1,0,0,0,0,1,0,0,1,1,0
29,0.0,40.0,0,0,27.7208,0,0,0,1,1,0,0,1,0,0,0,1
32,0.0,66.0,0,0,10.5,0,0,1,0,0,0,1,0,1,0,0,1
33,0.0,28.0,1,0,82.1708,0,0,1,0,1,0,0,1,0,0,0,1
34,0.0,42.0,1,0,52.0,0,0,1,0,0,0,1,1,0,0,0,1
36,0.0,21.0,0,0,8.05,0,0,1,0,0,0,1,0,0,1,0,1
37,0.0,18.0,2,0,18.0,0,1,0,0,0,0,1,0,0,1,1,0
38,1.0,14.0,1,0,11.2417,0,1,0,0,1,0,0,0,0,1,1,0
39,0.0,40.0,1,0,9.475,0,1,0,0,0,0,1,0,0,1,1,0
40,0.0,27.0,1,0,21.0,0,1,0,0,0,0,1,0,1,0,1,0
42,1.0,3.0,1,2,41.5792,0,1,0,0,1,0,0,0,1,0,1,0
43,1.0,19.0,0,0,7.8792,0,1,0,0,0,1,0,0,0,1,1,0
48,0.0,18.0,1,0,17.8,0,1,0,0,0,0,1,0,0,1,1,0
49,0.0,7.0,4,1,39.6875,1,0,0,0,0,0,1,0,0,1,0,1
50,0.0,21.0,0,0,7.8,0,0,1,0,0,0,1,0,0,1,0,1
51,1.0,49.0,1,0,76.7292,0,1,0,0,1,0,0,1,0,0,1,0
52,1.0,29.0,1,0,26.0,0,1,0,0,0,0,1,0,1,0,1,0
53,0.0,65.0,0,1,61.9792,0,0,1,0,1,0,0,1,0,0,0,1
55,1.0,21.0,0,0,10.5,0,1,0,0,0,0,1,0,1,0,1,0
56,0.0,28.5,0,0,7.2292,0,0,1,0,1,0,0,0,0,1,0,1
57,1.0,5.0,1,2,27.75,0,1,0,0,0,0,1,0,1,0,1,0
58,0.0,11.0,5,2,46.9,1,0,0,0,0,0,1,0,0,1,0,1
59,0.0,22.0,0,0,7.2292,0,0,1,0,1,0,0,0,0,1,0,1
60,1.0,38.0,0,0,80.0,0,1,0,0,1,0,0,1,0,0,1,0
61,0.0,45.0,1,0,83.475,0,0,1,0,0,0,1,1,0,0,0,1
62,0.0,4.0,3,2,27.9,1,0,0,0,0,0,1,0,0,1,0,1
65,1.0,29.0,0,0,10.5,0,1,0,0,0,0,1,0,1,0,1,0
66,0.0,19.0,0,0,8.1583,0,0,1,0,0,0,1,0,0,1,0,1
67,1.0,17.0,4,2,7.925,0,1,0,0,0,0,1,0,0,1,1,0
68,0.0,26.0,2,0,8.6625,0,0,1,0,0,0,1,0,0,1,0,1
69,0.0,32.0,0,0,10.5,0,0,1,0,0,0,1,0,1,0,0,1
70,0.0,16.0,5,2,46.9,0,1,0,0,0,0,1,0,0,1,1,0
71,0.0,21.0,0,0,73.5,0,0,1,0,0,0,1,0,1,0,0,1
72,0.0,26.0,1,0,14.4542,0,0,1,0,1,0,0,0,0,1,0,1
73,1.0,32.0,0,0,56.4958,0,0,1,0,0,0,1,0,0,1,0,1
74,0.0,25.0,0,0,7.65,0,0,1,0,0,0,1,0,0,1,0,1
77,1.0,0.83,0,2,29.0,1,0,0,0,0,0,1,0,1,0,0,1
78,1.0,30.0,0,0,12.475,0,1,0,0,0,0,1,0,0,1,1,0
79,0.0,22.0,0,0,9.0,0,0,1,0,0,0,1,0,0,1,0,1
80,1.0,29.0,0,0,9.5,0,0,1,0,0,0,1,0,0,1,0,1
82,0.0,28.0,0,0,47.1,0,0,1,0,0,0,1,1,0,0,0,1
83,1.0,17.0,0,0,10.5,0,1,0,0,0,0,1,0,1,0,1,0
84,1.0,33.0,3,0,15.85,0,1,0,0,0,0,1,0,0,1,1,0
85,0.0,16.0,1,3,34.375,0,0,1,0,0,0,1,0,0,1,0,1
87,0.0,24.0,0,0,8.05,0,0,1,0,0,0,1,0,0,1,0,1
88,0.0,29.0,0,0,8.05,0,0,1,0,0,0,1,0,0,1,0,1
89,0.0,20.0,0,0,7.8542,0,0,1,0,0,0,1,0,0,1,0,1
90,0.0,46.0,1,0,61.175,0,0,1,0,0,0,1,1,0,0,0,1
91,0.0,26.0,1,2,20.575,0,0,1,0,0,0,1,0,0,1,0,1
92,0.0,59.0,0,0,7.25,0,0,1,0,0,0,1,0,0,1,0,1
94,0.0,71.0,0,0,34.6542,0,0,1,0,1,0,0,1,0,0,0,1
95,1.0,23.0,0,1,63.3583,0,0,1,0,1,0,0,1,0,0,0,1
96,1.0,34.0,0,1,23.0,0,1,0,0,0,0,1,0,1,0,1,0
97,0.0,34.0,1,0,26.0,0,0,1,0,0,0,1,0,1,0,0,1
98,0.0,28.0,0,0,7.8958,0,1,0,0,0,0,1,0,0,1,1,0
100,0.0,21.0,0,1,77.2875,0,0,1,0,0,0,1,1,0,0,0,1
101,0.0,33.0,0,0,8.6542,0,0,1,0,0,0,1,0,0,1,0,1
102,0.0,37.0,2,0,7.925,0,0,1,0,0,0,1,0,0,1,0,1
103,0.0,28.0,0,0,7.8958,0,0,1,0,0,0,1,0,0,1,0,1
104,1.0,21.0,0,0,7.65,0,1,0,0,0,0,1,0,0,1,1,0
106,0.0,38.0,0,0,7.8958,0,0,1,0,0,0,1,0,0,1,0,1
108,0.0,47.0,0,0,52.0,0,0,1,0,0,0,1,1,0,0,0,1
109,0.0,14.5,1,0,14.4542,0,1,0,0,1,0,0,0,0,1,1,0
110,0.0,22.0,0,0,8.05,0,0,1,0,0,0,1,0,0,1,0,1
111,0.0,20.0,1,0,9.825,0,1,0,0,0,0,1,0,0,1,1,0
112,0.0,17.0,0,0,14.4583,0,1,0,0,1,0,0,0,0,1,1,0
113,0.0,21.0,0,0,7.925,0,0,1,0,0,0,1,0,0,1,0,1
114,0.0,70.5,0,0,7.75,0,0,1,0,0,1,0,0,0,1,0,1
115,0.0,29.0,1,0,21.0,0,0,1,0,0,0,1,0,1,0,0,1
116,0.0,24.0,0,1,247.5208,0,0,1,0,1,0,0,1,0,0,0,1
117,0.0,2.0,4,2,31.275,0,1,0,0,0,0,1,0,0,1,1,0
118,0.0,21.0,2,0,73.5,0,0,1,0,0,0,1,0,1,0,0,1
120,0.0,32.5,1,0,30.0708,0,0,1,0,1,0,0,0,1,0,0,1
121,1.0,32.5,0,0,13.0,0,1,0,0,0,0,1,0,1,0,1,0
122,0.0,54.0,0,1,77.2875,0,0,1,0,0,0,1,1,0,0,0,1
123,1.0,12.0,1,0,11.2417,1,0,0,0,1,0,0,0,0,1,0,1
125,1.0,24.0,0,0,7.1417,0,0,1,0,0,0,1,0,0,1,0,1
127,0.0,45.0,0,0,6.975,0,0,1,0,0,0,1,0,0,1,0,1
128,0.0,33.0,0,0,7.8958,0,0,1,0,1,0,0,0,0,1,0,1
129,0.0,20.0,0,0,7.05,0,0,1,0,0,0,1,0,0,1,0,1
130,0.0,47.0,1,0,14.5,0,1,0,0,0,0,1,0,0,1,1,0
131,1.0,29.0,1,0,26.0,0,1,0,0,0,0,1,0,1,0,1,0
132,0.0,25.0,0,0,13.0,0,0,1,0,0,0,1,0,1,0,0,1
133,0.0,23.0,0,0,15.0458,0,0,1,0,1,0,0,0,1,0,0,1
134,1.0,19.0,0,2,26.2833,0,1,0,0,0,0,1,1,0,0,1,0
135,0.0,37.0,1,0,53.1,0,0,1,0,0,0,1,1,0,0,0,1
136,0.0,16.0,0,0,9.2167,0,0,1,0,0,0,1,0,0,1,0,1
137,0.0,24.0,0,0,79.2,0,0,1,0,1,0,0,1,0,0,0,1
139,1.0,22.0,0,0,7.75,0,1,0,0,0,0,1,0,0,1,1,0
140,1.0,24.0,1,0,15.85,0,1,0,0,0,0,1,0,0,1,1,0
141,0.0,19.0,0,0,6.75,0,0,1,0,0,1,0,0,0,1,0,1
142,0.0,18.0,0,0,11.5,0,0,1,0,0,0,1,0,1,0,0,1
143,0.0,19.0,1,1,36.75,0,0,1,0,0,0,1,0,1,0,0,1
144,1.0,27.0,0,0,7.7958,0,0,1,0,0,0,1,0,0,1,0,1
145,0.0,9.0,2,2,34.375,0,1,0,0,0,0,1,0,0,1,1,0
146,0.0,36.5,0,2,26.0,0,0,1,0,0,0,1,0,1,0,0,1
147,0.0,42.0,0,0,13.0,0,0,0,1,0,0,1,0,1,0,0,1
148,0.0,51.0,0,0,12.525,0,0,0,1,0,0,1,0,1,0,0,1
149,1.0,22.0,1,0,66.6,0,1,0,0,0,0,1,1,0,0,1,0
150,0.0,55.5,0,0,8.05,0,0,1,0,0,0,1,0,0,1,0,1
151,0.0,40.5,0,2,14.5,0,0,1,0,0,0,1,0,0,1,0,1
153,0.0,51.0,0,1,61.3792,0,0,1,0,1,0,0,1,0,0,0,1
154,1.0,16.0,0,0,7.7333,0,1,0,0,0,1,0,0,0,1,1,0
155,0.0,30.0,0,0,8.05,0,0,1,0,0,0,1,0,0,1,0,1
157,0.0,44.0,0,1,16.1,0,0,1,0,0,0,1,0,0,1,0,1
158,1.0,40.0,0,0,15.75,0,1,0,0,0,0,1,0,1,0,1,0
159,0.0,26.0,0,0,7.775,0,0,1,0,0,0,1,0,0,1,0,1
160,0.0,17.0,0,0,8.6625,0,0,1,0,0,0,1,0,0,1,0,1
161,0.0,1.0,4,1,39.6875,1,0,0,0,0,0,1,0,0,1,0,1
162,1.0,9.0,0,2,20.525,1,0,0,0,0,0,1,0,0,1,0,1
164,0.0,45.0,1,4,27.9,0,1,0,0,0,0,1,0,0,1,1,0
166,0.0,28.0,0,0,56.4958,0,0,1,0,0,0,1,0,0,1,0,1
167,0.0,61.0,0,0,33.5,0,0,1,0,0,0,1,1,0,0,0,1
168,0.0,4.0,4,1,29.125,1,0,0,0,0,1,0,0,0,1,0,1
169,1.0,1.0,1,1,11.1333,0,1,0,0,0,0,1,0,0,1,1,0
170,0.0,21.0,0,0,7.925,0,0,1,0,0,0,1,0,0,1,0,1
171,0.0,56.0,0,0,30.6958,0,0,1,0,1,0,0,1,0,0,0,1
172,0.0,18.0,1,1,7.8542,0,0,1,0,0,0,1,0,0,1,0,1
174,0.0,50.0,0,0,28.7125,0,1,0,0,1,0,0,1,0,0,1,0
175,0.0,30.0,0,0,13.0,0,0,1,0,0,0,1,0,1,0,0,1
176,0.0,36.0,0,0,0.0,0,0,1,0,0,0,1,0,0,1,0,1
178,0.0,9.0,4,2,31.3875,1,0,0,0,0,0,1,0,0,1,0,1
179,1.0,1.0,2,1,39.0,1,0,0,0,0,0,1,0,1,0,0,1
180,1.0,4.0,0,2,22.025,0,1,0,0,0,0,1,0,0,1,1,0
183,1.0,45.0,0,0,26.55,0,0,1,0,0,0,1,1,0,0,0,1
184,0.0,40.0,1,1,15.5,0,0,1,0,0,1,0,0,0,1,0,1
185,0.0,36.0,0,0,7.8958,0,0,1,0,0,0,1,0,0,1,0,1
186,1.0,32.0,0,0,13.0,0,1,0,0,0,0,1,0,1,0,1,0
187,0.0,19.0,0,0,13.0,0,0,1,0,0,0,1,0,1,0,0,1
188,1.0,19.0,1,0,7.8542,0,1,0,0,0,0,1,0,0,1,1,0
189,1.0,3.0,1,1,26.0,1,0,0,0,0,0,1,0,1,0,0,1
190,1.0,44.0,0,0,27.7208,0,1,0,0,1,0,0,1,0,0,1,0
191,1.0,58.0,0,0,146.5208,0,1,0,0,1,0,0,1,0,0,1,0
193,0.0,42.0,0,1,8.4042,0,0,1,0,0,0,1,0,0,1,0,1
195,0.0,24.0,0,0,13.0,0,1,0,0,0,0,1,0,1,0,1,0
196,0.0,28.0,0,0,9.5,0,0,1,0,0,0,1,0,0,1,0,1
197,0.0,34.0,0,0,6.4958,0,0,1,0,0,0,1,0,0,1,0,1
198,0.0,45.5,0,0,7.225,0,0,1,0,1,0,0,0,0,1,0,1
199,1.0,18.0,0,0,8.05,0,0,1,0,0,0,1,0,0,1,0,1
200,0.0,2.0,0,1,10.4625,0,1,0,0,0,0,1,0,0,1,1,0
201,0.0,32.0,1,0,15.85,0,0,1,0,0,0,1,0,0,1,0,1
202,1.0,26.0,0,0,18.7875,0,0,1,0,1,0,0,0,0,1,0,1
203,1.0,16.0,0,0,7.75,0,1,0,0,0,1,0,0,0,1,1,0
204,1.0,40.0,0,0,31.0,0,0,1,0,1,0,0,1,0,0,0,1
205,0.0,24.0,0,0,7.05,0,0,1,0,0,0,1,0,0,1,0,1
206,1.0,35.0,0,0,21.0,0,1,0,0,0,0,1,0,1,0,1,0
207,0.0,22.0,0,0,7.25,0,0,1,0,0,0,1,0,0,1,0,1
208,0.0,30.0,0,0,13.0,0,0,1,0,0,0,1,0,1,0,0,1
210,1.0,31.0,1,0,113.275,0,1,0,0,1,0,0,1,0,0,1,0
211,1.0,27.0,0,0,7.925,0,1,0,0,0,0,1,0,0,1,1,0
212,0.0,42.0,1,0,27.0,0,0,1,0,0,0,1,0,1,0,0,1
213,1.0,32.0,0,0,76.2917,0,1,0,0,1,0,0,1,0,0,1,0
214,0.0,30.0,0,0,10.5,0,0,1,0,0,0,1,0,1,0,0,1
215,1.0,16.0,0,0,8.05,0,0,1,0,0,0,1,0,0,1,0,1
216,0.0,27.0,0,0,13.0,0,0,1,0,0,0,1,0,1,0,0,1
217,0.0,51.0,0,0,8.05,0,0,1,0,0,0,1,0,0,1,0,1
219,1.0,38.0,1,0,90.0,0,0,1,0,0,0,1,1,0,0,0,1
220,0.0,22.0,0,0,9.35,0,0,1,0,0,0,1,0,0,1,0,1
221,1.0,19.0,0,0,10.5,0,0,1,0,0,0,1,0,1,0,0,1
222,0.0,20.5,0,0,7.25,0,0,1,0,0,0,1,0,0,1,0,1
223,0.0,18.0,0,0,13.0,0,0,1,0,0,0,1,0,1,0,0,1
225,1.0,35.0,1,0,83.475,0,1,0,0,0,0,1,1,0,0,1,0
226,0.0,29.0,0,0,7.775,0,0,1,0,0,0,1,0,0,1,0,1
227,0.0,59.0,0,0,13.5,0,0,1,0,0,0,1,0,1,0,0,1
228,1.0,5.0,4,2,31.3875,0,1,0,0,0,0,1,0,0,1,1,0
229,0.0,24.0,0,0,10.5,0,0,1,0,0,0,1,0,1,0,0,1
231,0.0,44.0,1,0,26.0,0,0,1,0,0,0,1,0,1,0,0,1
232,1.0,8.0,0,2,26.25,0,1,0,0,0,0,1,0,1,0,1,0
233,0.0,19.0,0,0,10.5,0,0,1,0,0,0,1,0,1,0,0,1
234,0.0,33.0,0,0,12.275,0,0,1,0,0,0,1,0,1,0,0,1
237,0.0,29.0,0,0,10.5,0,0,1,0,0,0,1,0,1,0,0,1
238,0.0,22.0,0,0,7.125,0,0,1,0,0,0,1,0,0,1,0,1
239,0.0,30.0,0,0,7.225,0,0,1,0,1,0,0,0,0,1,0,1
240,0.0,44.0,2,0,90.0,0,0,0,1,0,1,0,1,0,0,0,1
241,0.0,25.0,0,0,7.775,0,1,0,0,0,0,1,0,0,1,1,0
242,1.0,24.0,0,2,14.5,0,1,0,0,0,0,1,0,1,0,1,0
243,1.0,37.0,1,1,52.5542,0,0,1,0,0,0,1,1,0,0,0,1
244,0.0,54.0,1,0,26.0,0,0,0,1,0,0,1,0,1,0,0,1
246,0.0,29.0,1,1,10.4625,0,1,0,0,0,0,1,0,0,1,1,0
247,0.0,62.0,0,0,26.55,0,0,1,0,0,0,1,1,0,0,0,1
248,0.0,30.0,1,0,16.1,0,0,1,0,0,0,1,0,0,1,0,1
249,0.0,41.0,0,2,20.2125,0,1,0,0,0,0,1,0,0,1,1,0
250,1.0,29.0,0,2,15.2458,0,1,0,0,1,0,0,0,0,1,1,0
252,1.0,30.0,0,0,86.5,0,1,0,0,0,0,1,1,0,0,1,0
253,1.0,35.0,0,0,512.3292,0,1,0,0,1,0,0,1,0,0,1,0
254,1.0,50.0,0,1,26.0,0,1,0,0,0,0,1,0,1,0,1,0
256,1.0,3.0,4,2,31.3875,1,0,0,0,0,0,1,0,0,1,0,1
257,0.0,52.0,1,1,79.65,0,0,1,0,0,0,1,1,0,0,0,1
258,0.0,40.0,0,0,0.0,0,0,1,0,0,0,1,1,0,0,0,1
260,0.0,36.0,0,0,10.5,0,0,1,0,0,0,1,0,1,0,0,1
261,0.0,16.0,4,1,39.6875,0,0,1,0,0,0,1,0,0,1,0,1
262,1.0,25.0,1,0,7.775,0,0,1,0,0,0,1,0,0,1,0,1
263,1.0,58.0,0,1,153.4625,0,1,0,0,0,0,1,1,0,0,1,0
264,1.0,35.0,0,0,135.6333,0,1,0,0,0,0,1,1,0,0,1,0
266,1.0,25.0,0,0,0.0,0,0,1,0,0,0,1,0,0,1,0,1
267,1.0,41.0,0,1,19.5,0,1,0,0,0,0,1,0,1,0,1,0
268,0.0,37.0,0,1,29.7,0,0,1,0,1,0,0,1,0,0,0,1
270,1.0,63.0,1,0,77.9583,0,1,0,0,0,0,1,1,0,0,1,0
271,0.0,45.0,0,0,7.75,0,1,0,0,0,0,1,0,0,1,1,0
273,0.0,7.0,4,1,29.125,1,0,0,0,0,1,0,0,0,1,0,1
274,1.0,35.0,1,1,20.25,0,1,0,0,0,0,1,0,0,1,1,0
275,0.0,65.0,0,0,7.75,0,0,1,0,0,1,0,0,0,1,0,1
276,0.0,28.0,0,0,7.8542,0,0,1,0,0,0,1,0,0,1,0,1
277,0.0,16.0,0,0,9.5,0,0,1,0,0,0,1,0,0,1,0,1
278,1.0,19.0,0,0,8.05,0,0,1,0,0,0,1,0,0,1,0,1
280,0.0,33.0,0,0,8.6625,0,0,1,0,1,0,0,0,0,1,0,1
281,1.0,30.0,0,0,9.5,0,0,1,0,0,0,1,0,0,1,0,1
282,0.0,22.0,0,0,7.8958,0,0,1,0,0,0,1,0,0,1,0,1
283,1.0,42.0,0,0,13.0,0,0,1,0,0,0,1,0,1,0,0,1
284,1.0,22.0,0,0,7.75,0,1,0,0,0,1,0,0,0,1,1,0
285,1.0,26.0,0,0,78.85,0,1,0,0,0,0,1,1,0,0,1,0
286,1.0,19.0,1,0,91.0792,0,1,0,0,1,0,0,1,0,0,1,0
287,0.0,36.0,0,0,12.875,0,0,1,0,1,0,0,0,1,0,0,1
288,0.0,24.0,0,0,8.85,0,1,0,0,0,0,1,0,0,1,1,0
289,0.0,24.0,0,0,7.8958,0,0,1,0,0,0,1,0,0,1,0,1
291,0.0,23.5,0,0,7.2292,0,0,1,0,1,0,0,0,0,1,0,1
292,0.0,2.0,1,2,151.55,0,1,0,0,0,0,1,1,0,0,1,0
294,1.0,50.0,0,1,247.5208,0,1,0,0,1,0,0,1,0,0,1,0
297,0.0,19.0,0,0,0.0,0,0,1,0,0,0,1,0,0,1,0,1
300,1.0,0.92,1,2,151.55,1,0,0,0,0,0,1,1,0,0,0,1
302,1.0,17.0,1,0,108.9,0,1,0,0,1,0,0,1,0,0,1,0
303,0.0,30.0,1,0,24.0,0,0,1,0,1,0,0,0,1,0,0,1
304,1.0,30.0,0,0,56.9292,0,1,0,0,1,0,0,1,0,0,1,0
305,1.0,24.0,0,0,83.1583,0,1,0,0,1,0,0,1,0,0,1,0
306,1.0,18.0,2,2,262.375,0,1,0,0,1,0,0,1,0,0,1,0
307,0.0,26.0,1,1,26.0,0,1,0,0,0,0,1,0,1,0,1,0
308,0.0,28.0,0,0,7.8958,0,0,1,0,0,0,1,0,0,1,0,1
309,0.0,43.0,1,1,26.25,0,0,1,0,0,0,1,0,1,0,0,1
310,1.0,26.0,0,0,7.8542,0,1,0,0,0,0,1,0,0,1,1,0
311,1.0,24.0,1,0,26.0,0,1,0,0,0,0,1,0,1,0,1,0
312,0.0,54.0,0,0,14.0,0,0,0,1,0,0,1,0,1,0,0,1
313,1.0,31.0,0,2,164.8667,0,1,0,0,0,0,1,1,0,0,1,0
314,1.0,40.0,1,1,134.5,0,1,0,0,1,0,0,1,0,0,1,0
315,0.0,22.0,0,0,7.25,0,0,1,0,0,0,1,0,0,1,0,1
316,0.0,27.0,0,0,7.8958,0,0,1,0,0,0,1,0,0,1,0,1
317,1.0,30.0,0,0,12.35,0,1,0,0,0,1,0,0,1,0,1,0
318,1.0,22.0,1,1,29.0,0,1,0,0,0,0,1,0,1,0,1,0
319,1.0,36.0,0,0,135.6333,0,1,0,0,1,0,0,1,0,0,1,0
320,0.0,61.0,0,0,6.2375,0,0,1,0,0,0,1,0,0,1,0,1
321,1.0,36.0,0,0,13.0,0,1,0,0,0,0,1,0,1,0,1,0
322,1.0,31.0,1,1,20.525,0,1,0,0,0,0,1,0,0,1,1,0
323,1.0,16.0,0,1,57.9792,0,1,0,0,1,0,0,1,0,0,1,0
325,0.0,45.5,0,0,28.5,0,0,1,0,0,0,1,1,0,0,0,1
326,0.0,38.0,0,1,153.4625,0,0,1,0,0,0,1,1,0,0,0,1
327,0.0,16.0,2,0,18.0,0,0,1,0,0,0,1,0,0,1,0,1
330,0.0,29.0,1,0,66.6,0,0,1,0,0,0,1,1,0,0,0,1
331,1.0,41.0,0,0,134.5,0,1,0,0,1,0,0,1,0,0,1,0
332,1.0,45.0,0,0,8.05,0,0,1,0,0,0,1,0,0,1,0,1
333,0.0,45.0,0,0,35.5,0,0,1,0,0,0,1,1,0,0,0,1
334,1.0,2.0,1,1,26.0,1,0,0,0,0,0,1,0,1,0,0,1
335,0.0,28.0,0,0,13.0,0,0,1,0,0,0,1,0,1,0,0,1
336,0.0,25.0,0,0,13.0,0,0,1,0,0,0,1,0,1,0,0,1
337,0.0,36.0,0,0,13.0,0,0,1,0,0,0,1,0,1,0,0,1
338,1.0,24.0,0,0,13.0,0,1,0,0,0,0,1,0,1,0,1,0
339,1.0,40.0,0,0,13.0,0,1,0,0,0,0,1,0,1,0,1,0
341,1.0,3.0,1,1,15.9,1,0,0,0,0,0,1,0,0,1,0,1
342,0.0,42.0,0,0,8.6625,0,0,1,0,0,0,1,0,0,1,0,1
343,0.0,23.0,0,0,9.225,0,0,1,0,0,0,1,0,0,1,0,1
345,0.0,15.0,1,1,7.2292,0,0,1,0,1,0,0,0,0,1,0,1
346,0.0,25.0,1,0,17.8,0,0,1,0,0,0,1,0,0,1,0,1
348,0.0,28.0,0,0,9.5,0,0,1,0,0,0,1,0,0,1,0,1
349,1.0,22.0,0,1,55.0,0,1,0,0,0,0,1,1,0,0,1,0
350,0.0,38.0,0,0,13.0,0,1,0,0,0,0,1,0,1,0,1,0
353,0.0,40.0,1,4,27.9,0,0,1,0,0,0,1,0,0,1,0,1
354,0.0,29.0,1,0,27.7208,0,0,1,0,1,0,0,0,1,0,0,1
355,0.0,45.0,0,1,14.4542,0,1,0,0,1,0,0,0,0,1,1,0
356,0.0,35.0,0,0,7.05,0,0,1,0,0,0,1,0,0,1,0,1
358,0.0,30.0,0,0,7.25,0,0,1,0,0,0,1,0,0,1,0,1
359,1.0,60.0,1,0,75.25,0,1,0,0,1,0,0,1,0,0,1,0
362,1.0,24.0,0,0,69.3,0,0,0,1,1,0,0,1,0,0,1,0
363,1.0,25.0,1,0,55.4417,0,0,1,0,1,0,0,1,0,0,0,1
364,0.0,18.0,1,0,6.4958,0,0,1,0,0,0,1,0,0,1,0,1
365,0.0,19.0,0,0,8.05,0,0,1,0,0,0,1,0,0,1,0,1
366,0.0,22.0,0,0,135.6333,0,0,1,0,1,0,0,1,0,0,0,1
367,0.0,3.0,3,1,21.075,0,1,0,0,0,0,1,0,0,1,1,0
369,1.0,22.0,0,0,7.25,0,1,0,0,0,0,1,0,0,1,1,0
370,0.0,27.0,0,2,211.5,0,0,1,0,1,0,0,1,0,0,0,1
371,0.0,20.0,0,0,4.0125,0,0,1,0,1,0,0,0,0,1,0,1
372,0.0,19.0,0,0,7.775,0,0,1,0,0,0,1,0,0,1,0,1
373,1.0,42.0,0,0,227.525,0,1,0,0,1,0,0,1,0,0,1,0
374,1.0,1.0,0,2,15.7417,0,1,0,0,1,0,0,0,0,1,1,0
375,0.0,32.0,0,0,7.925,0,0,1,0,0,0,1,0,0,1,0,1
376,1.0,35.0,1,0,52.0,0,1,0,0,0,0,1,1,0,0,1,0
378,0.0,18.0,0,0,73.5,0,0,1,0,0,0,1,0,1,0,0,1
379,0.0,1.0,5,2,46.9,1,0,0,0,0,0,1,0,0,1,0,1
380,1.0,36.0,0,0,13.0,0,1,0,0,0,0,1,0,1,0,1,0
382,1.0,17.0,0,0,12.0,0,1,0,0,1,0,0,0,1,0,1,0
383,1.0,36.0,1,2,120.0,0,0,1,0,0,0,1,1,0,0,0,1
384,1.0,21.0,0,0,7.7958,0,0,1,0,0,0,1,0,0,1,0,1
385,0.0,28.0,2,0,7.925,0,0,1,0,0,0,1,0,0,1,0,1
386,1.0,23.0,1,0,113.275,0,1,0,0,1,0,0,1,0,0,1,0
387,1.0,24.0,0,2,16.7,0,1,0,0,0,0,1,0,0,1,1,0
388,0.0,22.0,0,0,7.7958,0,0,1,0,0,0,1,0,0,1,0,1
389,0.0,31.0,0,0,7.8542,0,1,0,0,0,0,1,0,0,1,1,0
390,0.0,46.0,0,0,26.0,0,0,1,0,0,0,1,0,1,0,0,1
391,0.0,23.0,0,0,10.5,0,0,0,1,0,0,1,0,1,0,0,1
392,1.0,28.0,0,0,12.65,0,1,0,0,0,0,1,0,1,0,1,0
393,1.0,39.0,0,0,7.925,0,0,1,0,0,0,1,0,0,1,0,1
394,0.0,26.0,0,0,8.05,0,0,1,0,0,0,1,0,0,1,0,1
395,0.0,21.0,1,0,9.825,0,1,0,0,0,0,1,0,0,1,1,0
396,0.0,28.0,1,0,15.85,0,0,1,0,0,0,1,0,0,1,0,1
397,0.0,20.0,0,0,8.6625,0,1,0,0,0,0,1,0,0,1,1,0
398,0.0,34.0,1,0,21.0,0,0,1,0,0,0,1,0,1,0,0,1
399,0.0,51.0,0,0,7.75,0,0,1,0,0,0,1,0,0,1,0,1
400,1.0,3.0,1,1,18.75,1,0,0,0,0,0,1,0,1,0,0,1
401,0.0,21.0,0,0,7.775,0,0,1,0,0,0,1,0,0,1,0,1
405,1.0,33.0,1,0,90.0,0,1,0,0,0,1,0,1,0,0,1,0
407,1.0,44.0,0,0,7.925,0,0,1,0,0,0,1,0,0,1,0,1
409,1.0,34.0,1,1,32.5,0,1,0,0,0,0,1,0,1,0,1,0
410,1.0,18.0,0,2,13.0,0,1,0,0,0,0,1,0,1,0,1,0
411,0.0,30.0,0,0,13.0,0,0,1,0,0,0,1,0,1,0,0,1
412,0.0,10.0,0,2,24.15,0,1,0,0,0,0,1,0,0,1,1,0
414,0.0,21.0,0,0,7.7333,0,0,1,0,0,1,0,0,0,1,0,1
415,0.0,29.0,0,0,7.875,0,0,1,0,0,0,1,0,0,1,0,1
416,0.0,28.0,1,1,14.4,0,1,0,0,0,0,1,0,0,1,1,0
417,0.0,18.0,1,1,20.2125,0,0,1,0,0,0,1,0,0,1,0,1
419,1.0,28.0,1,0,26.0,0,1,0,0,0,0,1,0,1,0,1,0
420,1.0,19.0,0,0,26.0,0,1,0,0,0,0,1,0,1,0,1,0
422,1.0,32.0,0,0,8.05,0,0,1,0,0,0,1,0,0,1,0,1
423,1.0,28.0,0,0,26.55,0,0,1,0,0,0,1,1,0,0,0,1
425,1.0,42.0,1,0,26.0,0,1,0,0,0,0,1,0,1,0,1,0
426,0.0,17.0,0,0,7.125,0,0,1,0,0,0,1,0,0,1,0,1
427,0.0,50.0,1,0,55.9,0,0,1,0,0,0,1,1,0,0,0,1
428,1.0,14.0,1,2,120.0,0,1,0,0,0,0,1,1,0,0,1,0
429,0.0,21.0,2,2,34.375,0,1,0,0,0,0,1,0,0,1,1,0
430,1.0,24.0,2,3,18.75,0,1,0,0,0,0,1,0,1,0,1,0
431,0.0,64.0,1,4,263.0,0,0,1,0,0,0,1,1,0,0,0,1
432,0.0,31.0,0,0,10.5,0,0,1,0,0,0,1,0,1,0,0,1
433,1.0,45.0,1,1,26.25,0,1,0,0,0,0,1,0,1,0,1,0
434,0.0,20.0,0,0,9.5,0,0,1,0,0,0,1,0,0,1,0,1
435,0.0,25.0,1,0,7.775,0,0,1,0,0,0,1,0,0,1,0,1
436,1.0,28.0,0,0,13.0,0,1,0,0,0,0,1,0,1,0,1,0
438,1.0,4.0,0,2,81.8583,1,0,0,0,0,0,1,1,0,0,0,1
439,1.0,13.0,0,1,19.5,0,1,0,0,0,0,1,0,1,0,1,0
440,1.0,34.0,0,0,26.55,0,0,1,0,0,0,1,1,0,0,0,1
441,1.0,5.0,2,1,19.2583,0,1,0,0,1,0,0,0,0,1,1,0
442,1.0,52.0,0,0,30.5,0,0,0,1,0,0,1,1,0,0,0,1
443,0.0,36.0,1,2,27.75,0,0,1,0,0,0,1,0,1,0,0,1
445,0.0,30.0,0,0,27.75,0,0,1,0,1,0,0,1,0,0,0,1
446,1.0,49.0,1,0,89.1042,0,0,1,0,1,0,0,1,0,0,0,1
448,1.0,29.0,0,0,7.8958,0,0,1,0,1,0,0,0,0,1,0,1
449,0.0,65.0,0,0,26.55,0,0,1,0,0,0,1,1,0,0,0,1
451,1.0,50.0,0,0,10.5,0,1,0,0,0,0,1,0,1,0,1,0
453,1.0,48.0,0,0,26.55,0,0,1,0,0,0,1,1,0,0,0,1
454,0.0,34.0,0,0,8.05,0,0,1,0,0,0,1,0,0,1,0,1
455,0.0,47.0,0,0,38.5,0,0,1,0,0,0,1,1,0,0,0,1
456,0.0,48.0,0,0,13.0,0,0,1,0,0,0,1,0,1,0,0,1
458,0.0,38.0,0,0,7.05,0,0,1,0,0,0,1,0,0,1,0,1
460,0.0,56.0,0,0,26.55,0,0,1,0,0,0,1,1,0,0,0,1
462,1.0,0.75,2,1,19.2583,0,1,0,0,1,0,0,0,0,1,1,0
464,0.0,38.0,0,0,8.6625,0,0,1,0,0,0,1,0,0,1,0,1
465,1.0,33.0,1,2,27.75,0,1,0,0,0,0,1,0,1,0,1,0
466,1.0,23.0,0,0,13.7917,0,1,0,0,1,0,0,0,1,0,1,0
467,0.0,22.0,0,0,9.8375,0,1,0,0,0,0,1,0,0,1,1,0
469,0.0,34.0,1,0,21.0,0,0,1,0,0,0,1,0,1,0,0,1
470,0.0,29.0,1,0,7.0458,0,0,1,0,0,0,1,0,0,1,0,1
471,0.0,22.0,0,0,7.5208,0,0,1,0,0,0,1,0,0,1,0,1
472,1.0,2.0,0,1,12.2875,0,1,0,0,0,0,1,0,0,1,1,0
473,0.0,9.0,5,2,46.9,1,0,0,0,0,0,1,0,0,1,0,1
475,0.0,50.0,0,0,8.05,0,0,1,0,0,0,1,0,0,1,0,1
476,1.0,63.0,0,0,9.5875,0,1,0,0,0,0,1,0,0,1,1,0
477,1.0,25.0,1,0,91.0792,0,0,1,0,1,0,0,1,0,0,0,1
479,1.0,35.0,1,0,90.0,0,1,0,0,0,0,1,1,0,0,1,0
480,0.0,58.0,0,0,29.7,0,0,1,0,1,0,0,1,0,0,0,1
481,0.0,30.0,0,0,8.05,0,0,1,0,0,0,1,0,0,1,0,1
482,1.0,9.0,1,1,15.9,1,0,0,0,0,0,1,0,0,1,0,1
484,0.0,21.0,0,0,7.25,0,0,1,0,0,0,1,0,0,1,0,1
485,0.0,55.0,0,0,30.5,0,0,1,0,0,0,1,1,0,0,0,1
486,0.0,71.0,0,0,49.5042,0,0,1,0,1,0,0,1,0,0,0,1
487,0.0,21.0,0,0,8.05,0,0,1,0,0,0,1,0,0,1,0,1
489,1.0,54.0,1,0,78.2667,0,1,0,0,1,0,0,1,0,0,1,0
491,0.0,25.0,1,2,151.55,0,1,0,0,0,0,1,1,0,0,1,0
492,0.0,24.0,0,0,7.7958,0,0,1,0,0,0,1,0,0,1,0,1
493,0.0,17.0,0,0,8.6625,0,0,1,0,0,0,1,0,0,1,0,1
494,0.0,21.0,0,0,7.75,0,1,0,0,0,1,0,0,0,1,1,0
496,0.0,37.0,0,0,9.5875,0,1,0,0,0,0,1,0,0,1,1,0
497,1.0,16.0,0,0,86.5,0,1,0,0,0,0,1,1,0,0,1,0
498,0.0,18.0,1,0,108.9,0,0,1,0,1,0,0,1,0,0,0,1
499,1.0,33.0,0,2,26.0,0,1,0,0,0,0,1,0,1,0,1,0
501,0.0,28.0,0,0,22.525,0,0,1,0,0,0,1,0,0,1,0,1
502,1.0,26.0,0,0,56.4958,0,0,1,0,0,0,1,0,0,1,0,1
503,1.0,29.0,0,0,7.75,0,0,1,0,0,1,0,0,0,1,0,1
505,1.0,36.0,0,0,26.2875,0,0,1,0,0,0,1,1,0,0,0,1
506,1.0,54.0,1,0,59.4,0,1,0,0,1,0,0,1,0,0,1,0
507,0.0,24.0,0,0,7.4958,0,0,1,0,0,0,1,0,0,1,0,1
508,0.0,47.0,0,0,34.0208,0,0,1,0,0,0,1,1,0,0,0,1
509,1.0,34.0,0,0,10.5,0,1,0,0,0,0,1,0,1,0,1,0
511,1.0,36.0,1,0,26.0,0,1,0,0,0,0,1,0,1,0,1,0
512,0.0,32.0,0,0,7.8958,0,0,1,0,0,0,1,0,0,1,0,1
513,1.0,30.0,0,0,93.5,0,1,0,0,0,0,1,1,0,0,1,0
514,0.0,22.0,0,0,7.8958,0,0,1,0,0,0,1,0,0,1,0,1
516,1.0,44.0,0,1,57.9792,0,1,0,0,1,0,0,1,0,0,1,0
518,0.0,40.5,0,0,7.75,0,0,1,0,0,1,0,0,0,1,0,1
519,1.0,50.0,0,0,10.5,0,1,0,0,0,0,1,0,1,0,1,0
521,0.0,39.0,0,0,7.925,0,0,1,0,0,0,1,0,0,1,0,1
522,0.0,23.0,2,1,11.5,0,0,1,0,0,0,1,0,1,0,0,1
523,1.0,2.0,1,1,26.0,0,1,0,0,0,0,1,0,1,0,1,0
525,0.0,17.0,1,1,7.2292,0,0,1,0,1,0,0,0,0,1,0,1
527,0.0,30.0,0,0,8.6625,0,1,0,0,0,0,1,0,0,1,1,0
528,1.0,7.0,0,2,26.25,0,1,0,0,0,0,1,0,1,0,1,0
529,0.0,45.0,0,0,26.55,0,0,0,1,0,0,1,1,0,0,0,1
530,1.0,30.0,0,0,106.425,0,1,0,0,1,0,0,1,0,0,1,0
532,1.0,22.0,0,2,49.5,0,1,0,0,1,0,0,1,0,0,1,0
533,1.0,36.0,0,2,71.0,0,1,0,0,0,0,1,1,0,0,1,0
534,0.0,9.0,4,2,31.275,0,1,0,0,0,0,1,0,0,1,1,0
535,0.0,11.0,4,2,31.275,0,1,0,0,0,0,1,0,0,1,1,0
536,1.0,32.0,1,0,26.0,0,0,1,0,0,0,1,0,1,0,0,1
537,0.0,50.0,1,0,106.425,0,0,1,0,1,0,0,1,0,0,0,1
538,0.0,64.0,0,0,26.0,0,0,1,0,0,0,1,1,0,0,0,1
539,1.0,19.0,1,0,26.0,0,1,0,0,0,0,1,0,1,0,1,0
541,0.0,33.0,1,1,20.525,0,0,1,0,0,0,1,0,0,1,0,1
542,1.0,8.0,1,1,36.75,1,0,0,0,0,0,1,0,1,0,0,1
543,1.0,17.0,0,2,110.8833,0,0,1,0,1,0,0,1,0,0,0,1
544,0.0,27.0,0,0,26.0,0,0,1,0,0,0,1,0,1,0,0,1
546,1.0,22.0,0,0,7.225,0,0,1,0,1,0,0,0,0,1,0,1
547,1.0,22.0,0,0,7.775,0,1,0,0,0,0,1,0,0,1,1,0
548,0.0,62.0,0,0,26.55,0,0,1,0,0,0,1,1,0,0,0,1
549,1.0,48.0,1,0,39.6,0,0,0,1,1,0,0,1,0,0,1,0
551,1.0,39.0,1,1,79.65,0,1,0,0,0,0,1,1,0,0,1,0
552,1.0,36.0,1,0,17.4,0,1,0,0,0,0,1,0,0,1,1,0
554,0.0,40.0,0,0,7.8958,0,0,1,0,0,0,1,0,0,1,0,1
555,0.0,28.0,0,0,13.5,0,0,1,0,0,0,1,0,1,0,0,1
558,0.0,24.0,2,0,24.15,0,0,1,0,0,0,1,0,0,1,0,1
559,0.0,19.0,0,0,7.8958,0,0,1,0,0,0,1,0,0,1,0,1
560,0.0,29.0,0,4,21.075,0,1,0,0,0,0,1,0,0,1,1,0
562,1.0,32.0,0,0,7.8542,0,0,1,0,0,0,1,0,0,1,0,1
563,1.0,62.0,0,0,10.5,0,0,1,0,0,0,1,0,1,0,0,1
564,1.0,53.0,2,0,51.4792,0,1,0,0,0,0,1,1,0,0,1,0
565,1.0,36.0,0,0,26.3875,0,0,1,0,0,0,1,1,0,0,0,1
567,0.0,16.0,0,0,8.05,0,0,1,0,0,0,1,0,0,1,0,1
568,0.0,19.0,0,0,14.5,0,0,1,0,0,0,1,0,0,1,0,1
569,1.0,34.0,0,0,13.0,0,1,0,0,0,0,1,0,1,0,1,0
570,1.0,39.0,1,0,55.9,0,1,0,0,0,0,1,1,0,0,1,0
572,1.0,32.0,0,0,7.925,0,0,1,0,0,0,1,0,0,1,0,1
573,1.0,25.0,1,1,30.0,0,1,0,0,0,0,1,0,1,0,1,0
574,1.0,39.0,1,1,110.8833,0,1,0,0,1,0,0,1,0,0,1,0
575,0.0,54.0,0,0,26.0,0,0,1,0,0,0,1,0,1,0,0,1
576,0.0,36.0,0,0,40.125,0,0,1,0,1,0,0,1,0,0,0,1
578,1.0,18.0,0,2,79.65,0,1,0,0,0,0,1,1,0,0,1,0
579,0.0,47.0,0,0,15.0,0,0,1,0,0,0,1,0,1,0,0,1
580,1.0,60.0,1,1,79.2,0,0,1,0,1,0,0,1,0,0,0,1
581,0.0,22.0,0,0,8.05,0,0,1,0,0,0,1,0,0,1,0,1
583,0.0,35.0,0,0,7.125,0,0,1,0,0,0,1,0,0,1,0,1
584,1.0,52.0,1,0,78.2667,0,1,0,0,1,0,0,1,0,0,1,0
585,0.0,47.0,0,0,7.25,0,0,1,0,0,0,1,0,0,1,0,1
587,0.0,37.0,1,0,26.0,0,0,1,0,0,0,1,0,1,0,0,1
588,0.0,36.0,1,1,24.15,0,0,1,0,0,0,1,0,0,1,0,1
590,0.0,49.0,0,0,0.0,0,0,1,0,0,0,1,0,0,1,0,1
592,1.0,49.0,1,0,56.9292,0,0,0,1,1,0,0,1,0,0,0,1
593,1.0,24.0,2,1,27.0,0,1,0,0,0,0,1,0,1,0,1,0
596,0.0,44.0,0,0,8.05,0,0,1,0,0,0,1,0,0,1,0,1
597,1.0,35.0,0,0,26.55,0,0,1,0,1,0,0,1,0,0,0,1
598,0.0,36.0,1,0,15.55,0,0,1,0,0,0,1,0,0,1,0,1
599,0.0,30.0,0,0,7.8958,0,0,1,0,0,0,1,0,0,1,0,1
600,1.0,27.0,0,0,30.5,0,0,1,0,0,0,1,1,0,0,0,1
601,1.0,22.0,1,2,41.5792,0,1,0,0,1,0,0,0,1,0,1,0
602,1.0,40.0,0,0,153.4625,0,1,0,0,0,0,1,1,0,0,1,0
603,0.0,39.0,1,5,31.275,0,1,0,0,0,0,1,0,0,1,1,0
607,0.0,35.0,0,0,8.05,0,0,1,0,0,0,1,0,0,1,0,1
608,1.0,24.0,1,2,65.0,0,1,0,0,0,0,1,0,1,0,1,0
609,0.0,34.0,1,1,14.4,0,0,1,0,0,0,1,0,0,1,0,1
610,0.0,26.0,1,0,16.1,0,1,0,0,0,0,1,0,0,1,1,0
611,1.0,4.0,2,1,39.0,0,1,0,0,0,0,1,0,1,0,1,0
612,0.0,26.0,0,0,10.5,0,0,1,0,0,0,1,0,1,0,0,1
613,0.0,27.0,1,0,14.4542,0,0,1,0,1,0,0,0,0,1,0,1
614,1.0,42.0,1,0,52.5542,0,0,1,0,0,0,1,1,0,0,0,1
615,1.0,20.0,1,1,15.7417,0,0,1,0,1,0,0,0,0,1,0,1
616,0.0,21.0,0,0,7.8542,0,0,1,0,0,0,1,0,0,1,0,1
617,0.0,21.0,0,0,16.1,0,0,1,0,0,0,1,0,0,1,0,1
618,0.0,61.0,0,0,32.3208,0,0,1,0,0,0,1,1,0,0,0,1
619,0.0,57.0,0,0,12.35,0,0,0,1,0,1,0,0,1,0,0,1
620,1.0,21.0,0,0,77.9583,0,1,0,0,0,0,1,1,0,0,1,0
621,0.0,26.0,0,0,7.8958,0,0,1,0,0,0,1,0,0,1,0,1
623,1.0,80.0,0,0,30.0,0,0,1,0,0,0,1,1,0,0,0,1
624,0.0,51.0,0,0,7.0542,0,0,1,0,0,0,1,0,0,1,0,1
625,1.0,32.0,0,0,30.5,0,0,0,1,1,0,0,1,0,0,0,1
627,0.0,9.0,3,2,27.9,0,1,0,0,0,0,1,0,0,1,1,0
628,1.0,28.0,0,0,13.0,0,1,0,0,0,0,1,0,1,0,1,0
629,0.0,32.0,0,0,7.925,0,0,1,0,0,0,1,0,0,1,0,1
630,0.0,31.0,1,1,26.25,0,0,1,0,0,0,1,0,1,0,0,1
631,0.0,41.0,0,5,39.6875,0,1,0,0,0,0,1,0,0,1,1,0
633,0.0,20.0,0,0,7.8542,0,0,1,0,0,0,1,0,0,1,0,1
634,1.0,24.0,0,0,69.3,0,1,0,0,1,0,0,1,0,0,1,0
635,0.0,2.0,3,2,27.9,0,1,0,0,0,0,1,0,0,1,1,0
637,1.0,0.75,2,1,19.2583,0,1,0,0,1,0,0,0,0,1,1,0
638,1.0,48.0,1,0,76.7292,0,0,1,0,1,0,0,1,0,0,0,1
639,0.0,19.0,0,0,7.8958,0,0,1,0,0,0,1,0,0,1,0,1
640,1.0,56.0,0,0,35.5,0,0,0,1,1,0,0,1,0,0,0,1
642,1.0,23.0,0,0,7.55,0,1,0,0,0,0,1,0,0,1,1,0
644,1.0,18.0,0,1,23.0,0,1,0,0,0,0,1,0,1,0,1,0
645,0.0,21.0,0,0,8.4333,0,0,1,0,0,0,1,0,0,1,0,1
647,0.0,18.0,0,0,6.75,0,1,0,0,0,1,0,0,0,1,1,0
648,0.0,24.0,2,0,73.5,0,0,1,0,0,0,1,0,1,0,0,1
650,0.0,32.0,1,1,15.5,0,1,0,0,0,1,0,0,0,1,1,0
651,0.0,23.0,0,0,13.0,0,0,1,0,0,0,1,0,1,0,0,1
652,0.0,58.0,0,2,113.275,0,0,1,0,1,0,0,1,0,0,0,1
653,1.0,50.0,2,0,133.65,0,0,0,1,0,0,1,1,0,0,0,1
654,0.0,40.0,0,0,7.225,0,0,1,0,1,0,0,0,0,1,0,1
655,0.0,47.0,0,0,25.5875,0,0,1,0,0,0,1,1,0,0,0,1
656,0.0,36.0,0,0,7.4958,0,0,1,0,0,0,1,0,0,1,0,1
657,1.0,20.0,1,0,7.925,0,0,1,0,0,0,1,0,0,1,0,1
658,0.0,32.0,2,0,73.5,0,0,1,0,0,0,1,0,1,0,0,1
659,0.0,25.0,0,0,13.0,0,0,1,0,0,0,1,0,1,0,0,1
661,0.0,43.0,0,0,8.05,0,0,1,0,0,0,1,0,0,1,0,1
663,1.0,40.0,1,1,39.0,0,1,0,0,0,0,1,0,1,0,1,0
664,0.0,31.0,1,0,52.0,0,0,1,0,0,0,1,1,0,0,0,1
665,0.0,70.0,0,0,10.5,0,0,1,0,0,0,1,0,1,0,0,1
666,1.0,31.0,0,0,13.0,0,0,1,0,0,0,1,0,1,0,0,1
668,0.0,18.0,0,0,7.775,0,0,1,0,0,0,1,0,0,1,0,1
669,0.0,24.5,0,0,8.05,0,0,1,0,0,0,1,0,0,1,0,1
670,1.0,18.0,0,0,9.8417,0,1,0,0,0,0,1,0,0,1,1,0
671,0.0,43.0,1,6,46.9,0,1,0,0,0,0,1,0,0,1,1,0
672,1.0,36.0,0,1,512.3292,0,0,1,0,1,0,0,1,0,0,0,1
674,1.0,27.0,0,0,76.7292,0,0,1,0,1,0,0,1,0,0,0,1
675,0.0,20.0,0,0,9.225,0,0,1,0,0,0,1,0,0,1,0,1
676,0.0,14.0,5,2,46.9,0,0,1,0,0,0,1,0,0,1,0,1
677,0.0,60.0,1,1,39.0,0,0,1,0,0,0,1,0,1,0,0,1
678,0.0,25.0,1,2,41.5792,0,0,1,0,1,0,0,0,1,0,0,1
679,0.0,14.0,4,1,39.6875,0,0,1,0,0,0,1,0,0,1,0,1
680,0.0,19.0,0,0,10.1708,0,0,1,0,0,0,1,0,0,1,0,1
681,0.0,18.0,0,0,7.7958,0,0,1,0,0,0,1,0,0,1,0,1
682,1.0,15.0,0,1,211.3375,0,1,0,0,0,0,1,1,0,0,1,0
683,1.0,31.0,1,0,57.0,0,0,1,0,0,0,1,1,0,0,0,1
684,1.0,4.0,0,1,13.4167,0,1,0,0,1,0,0,0,0,1,1,0
686,0.0,25.0,0,0,7.225,0,0,1,0,1,0,0,0,0,1,0,1
687,0.0,60.0,0,0,26.55,0,0,0,1,0,0,1,1,0,0,0,1
688,0.0,52.0,0,0,13.5,0,0,1,0,0,0,1,0,1,0,0,1
689,0.0,44.0,0,0,8.05,0,0,1,0,0,0,1,0,0,1,0,1
691,0.0,49.0,1,1,110.8833,0,0,1,0,1,0,0,1,0,0,0,1
692,0.0,42.0,0,0,7.65,0,0,1,0,0,0,1,0,0,1,0,1
693,1.0,18.0,1,0,227.525,0,1,0,0,1,0,0,1,0,0,1,0
694,1.0,35.0,0,0,26.2875,0,0,1,0,0,0,1,1,0,0,0,1
695,0.0,18.0,0,1,14.4542,0,1,0,0,1,0,0,0,0,1,1,0
696,0.0,25.0,0,0,7.7417,0,0,1,0,0,1,0,0,0,1,0,1
697,0.0,26.0,1,0,7.8542,0,0,1,0,0,0,1,0,0,1,0,1
698,0.0,39.0,0,0,26.0,0,0,1,0,0,0,1,0,1,0,0,1
699,1.0,45.0,0,0,13.5,0,1,0,0,0,0,1,0,1,0,1,0
700,1.0,42.0,0,0,26.2875,0,0,1,0,0,0,1,1,0,0,0,1
701,1.0,22.0,0,0,151.55,0,1,0,0,0,0,1,1,0,0,1,0
703,1.0,24.0,0,0,49.5042,0,1,0,0,1,0,0,1,0,0,1,0
705,1.0,48.0,1,0,52.0,0,0,1,0,0,0,1,1,0,0,0,1
706,0.0,29.0,0,0,9.4833,0,0,1,0,0,0,1,0,0,1,0,1
707,0.0,52.0,0,0,13.0,0,0,1,0,0,0,1,0,1,0,0,1
708,0.0,19.0,0,0,7.65,0,0,1,0,0,0,1,0,0,1,0,1
709,1.0,38.0,0,0,227.525,0,1,0,0,1,0,0,1,0,0,1,0
710,1.0,27.0,0,0,10.5,0,1,0,0,0,0,1,0,1,0,1,0
712,0.0,33.0,0,0,7.775,0,0,1,0,0,0,1,0,0,1,0,1
713,1.0,6.0,0,1,33.0,0,1,0,0,0,0,1,0,1,0,1,0
714,0.0,17.0,1,0,7.0542,0,0,1,0,0,0,1,0,0,1,0,1
715,0.0,34.0,0,0,13.0,0,0,1,0,0,0,1,0,1,0,0,1
716,0.0,50.0,0,0,13.0,0,0,1,0,0,0,1,0,1,0,0,1
717,1.0,27.0,1,0,53.1,0,0,1,0,0,0,1,1,0,0,0,1
718,0.0,20.0,0,0,8.6625,0,0,1,0,0,0,1,0,0,1,0,1
719,1.0,30.0,3,0,21.0,0,1,0,0,0,0,1,0,1,0,1,0
721,0.0,25.0,1,0,26.0,0,0,1,0,0,0,1,0,1,0,0,1
722,0.0,25.0,1,0,7.925,0,1,0,0,0,0,1,0,0,1,1,0
723,1.0,29.0,0,0,211.3375,0,1,0,0,0,0,1,1,0,0,1,0
724,0.0,11.0,0,0,18.7875,0,0,1,0,1,0,0,0,0,1,0,1
726,0.0,23.0,0,0,13.0,0,0,1,0,0,0,1,0,1,0,0,1
727,0.0,23.0,0,0,13.0,0,0,1,0,0,0,1,0,1,0,0,1
728,0.0,28.5,0,0,16.1,0,0,1,0,0,0,1,0,0,1,0,1
729,0.0,48.0,1,3,34.375,0,1,0,0,0,0,1,0,0,1,1,0
730,1.0,35.0,0,0,512.3292,0,0,1,0,1,0,0,1,0,0,0,1
734,0.0,36.0,1,0,78.85,0,0,1,0,0,0,1,1,0,0,0,1
735,1.0,21.0,2,2,262.375,0,1,0,0,1,0,0,1,0,0,1,0
736,0.0,24.0,1,0,16.1,0,0,1,0,0,0,1,0,0,1,0,1
737,1.0,31.0,0,0,7.925,0,0,1,0,0,0,1,0,0,1,0,1
738,0.0,70.0,1,1,71.0,0,0,0,1,0,0,1,1,0,0,0,1
739,0.0,16.0,1,1,20.25,0,0,1,0,0,0,1,0,0,1,0,1
740,1.0,30.0,0,0,13.0,0,1,0,0,0,0,1,0,1,0,1,0
741,0.0,19.0,1,0,53.1,0,0,1,0,0,0,1,1,0,0,0,1
742,0.0,31.0,0,0,7.75,0,0,1,0,0,1,0,0,0,1,0,1
743,1.0,4.0,1,1,23.0,0,1,0,0,0,0,1,0,1,0,1,0
744,1.0,6.0,0,1,12.475,1,0,0,0,0,0,1,0,0,1,0,1
745,0.0,33.0,0,0,9.5,0,0,1,0,0,0,1,0,0,1,0,1
746,0.0,23.0,0,0,7.8958,0,0,1,0,0,0,1,0,0,1,0,1
747,1.0,48.0,1,2,65.0,0,1,0,0,0,0,1,0,1,0,1,0
748,1.0,0.67,1,1,14.5,1,0,0,0,0,0,1,0,1,0,0,1
749,0.0,28.0,0,0,7.7958,0,0,1,0,0,0,1,0,0,1,0,1
750,0.0,18.0,0,0,11.5,0,0,1,0,0,0,1,0,1,0,0,1
751,0.0,34.0,0,0,8.05,0,0,1,0,0,0,1,0,0,1,0,1
752,1.0,33.0,0,0,86.5,0,0,0,1,0,0,1,1,0,0,1,0
754,0.0,41.0,0,0,7.125,0,0,1,0,0,0,1,0,0,1,0,1
755,1.0,20.0,0,0,7.2292,0,0,1,0,1,0,0,0,0,1,0,1
756,1.0,36.0,1,2,120.0,0,1,0,0,0,0,1,1,0,0,1,0
757,0.0,16.0,0,0,7.775,0,0,1,0,0,0,1,0,0,1,0,1
758,1.0,51.0,1,0,77.9583,0,1,0,0,0,0,1,1,0,0,1,0
760,0.0,30.5,0,0,7.75,0,1,0,0,0,1,0,0,0,1,1,0
762,0.0,32.0,0,0,8.3625,0,0,1,0,0,0,1,0,0,1,0,1
763,0.0,24.0,0,0,9.5,0,0,1,0,0,0,1,0,0,1,0,1
764,0.0,48.0,0,0,7.8542,0,0,1,0,0,0,1,0,0,1,0,1
765,0.0,57.0,0,0,10.5,0,1,0,0,0,0,1,0,1,0,1,0
767,1.0,54.0,1,3,23.0,0,1,0,0,0,0,1,0,1,0,1,0
768,0.0,18.0,0,0,7.75,0,0,1,0,0,0,1,0,0,1,0,1
770,1.0,5.0,0,0,12.475,0,1,0,0,0,0,1,0,0,1,1,0
772,1.0,43.0,0,1,211.3375,0,1,0,0,0,0,1,1,0,0,1,0
773,1.0,13.0,0,0,7.2292,0,1,0,0,1,0,0,0,0,1,1,0
774,1.0,17.0,1,0,57.0,0,1,0,0,0,0,1,1,0,0,1,0
775,0.0,29.0,0,0,30.0,0,0,1,0,0,0,1,1,0,0,0,1
777,0.0,25.0,0,0,7.05,0,0,1,0,0,0,1,0,0,1,0,1
778,0.0,25.0,0,0,7.25,0,0,1,0,0,0,1,0,0,1,0,1
779,1.0,18.0,0,0,7.4958,0,1,0,0,0,0,1,0,0,1,1,0
780,0.0,8.0,4,1,29.125,1,0,0,0,0,1,0,0,0,1,0,1
781,1.0,1.0,1,2,20.575,1,0,0,0,0,0,1,0,0,1,0,1
782,0.0,46.0,0,0,79.2,0,0,1,0,1,0,0,1,0,0,0,1
784,0.0,16.0,0,0,26.0,0,0,1,0,0,0,1,0,1,0,0,1
786,0.0,25.0,0,0,7.8958,0,0,1,0,0,0,1,0,0,1,0,1
787,0.0,39.0,0,0,13.0,0,0,1,0,0,0,1,0,1,0,0,1
788,1.0,49.0,0,0,25.9292,0,0,0,1,0,0,1,1,0,0,1,0
789,1.0,31.0,0,0,8.6833,0,1,0,0,0,0,1,0,0,1,1,0
790,0.0,30.0,0,0,7.2292,0,0,1,0,1,0,0,0,0,1,0,1
791,0.0,30.0,1,1,24.15,0,1,0,0,0,0,1,0,0,1,1,0
792,0.0,34.0,0,0,13.0,0,0,1,0,0,0,1,0,1,0,0,1
793,1.0,31.0,1,1,26.25,0,1,0,0,0,0,1,0,1,0,1,0
794,1.0,11.0,1,2,120.0,1,0,0,0,0,0,1,1,0,0,0,1
795,1.0,0.42,0,1,8.5167,1,0,0,0,1,0,0,0,0,1,0,1
796,1.0,27.0,0,0,6.975,0,0,1,0,0,0,1,0,0,1,0,1
797,0.0,31.0,0,0,7.775,0,0,1,0,0,0,1,0,0,1,0,1
798,0.0,39.0,0,0,0.0,0,0,1,0,0,0,1,1,0,0,0,1
799,0.0,18.0,0,0,7.775,0,1,0,0,0,0,1,0,0,1,1,0
800,0.0,39.0,0,0,13.0,0,0,1,0,0,0,1,0,1,0,0,1
801,1.0,33.0,1,0,53.1,0,1,0,0,0,0,1,1,0,0,1,0
802,0.0,26.0,0,0,7.8875,0,0,1,0,0,0,1,0,0,1,0,1
803,0.0,39.0,0,0,24.15,0,0,1,0,0,0,1,0,0,1,0,1
804,0.0,35.0,0,0,10.5,0,0,1,0,0,0,1,0,1,0,0,1
805,0.0,6.0,4,2,31.275,0,1,0,0,0,0,1,0,0,1,1,0
806,0.0,30.5,0,0,8.05,0,0,1,0,0,0,1,0,0,1,0,1
808,0.0,23.0,0,0,7.925,0,1,0,0,0,0,1,0,0,1,1,0
809,0.0,31.0,1,1,37.0042,0,0,1,0,1,0,0,0,1,0,0,1
810,0.0,43.0,0,0,6.45,0,0,1,0,0,0,1,0,0,1,0,1
811,0.0,10.0,3,2,27.9,1,0,0,0,0,0,1,0,0,1,0,1
812,1.0,52.0,1,1,93.5,0,1,0,0,0,0,1,1,0,0,1,0
813,1.0,27.0,0,0,8.6625,0,0,1,0,0,0,1,0,0,1,0,1
814,0.0,38.0,0,0,0.0,0,0,0,1,0,0,1,1,0,0,0,1
815,1.0,27.0,0,1,12.475,0,1,0,0,0,0,1,0,0,1,1,0
816,0.0,2.0,4,1,39.6875,1,0,0,0,0,0,1,0,0,1,0,1
819,1.0,1.0,0,2,37.0042,1,0,0,0,1,0,0,0,1,0,0,1
821,1.0,62.0,0,0,80.0,0,1,0,0,1,0,0,1,0,0,1,0
822,1.0,15.0,1,0,14.4542,0,1,0,0,1,0,0,0,0,1,1,0
823,1.0,0.83,1,1,18.75,1,0,0,0,0,0,1,0,1,0,0,1
825,0.0,23.0,0,0,7.8542,0,0,1,0,0,0,1,0,0,1,0,1
826,0.0,18.0,0,0,8.3,0,0,1,0,0,0,1,0,0,1,0,1
827,1.0,39.0,1,1,83.1583,0,1,0,0,1,0,0,1,0,0,1,0
828,0.0,21.0,0,0,8.6625,0,0,1,0,0,0,1,0,0,1,0,1
830,1.0,32.0,0,0,56.4958,0,0,1,0,0,0,1,0,0,1,0,1
832,0.0,20.0,0,0,7.925,0,0,1,0,0,0,1,0,0,1,0,1
833,0.0,16.0,0,0,10.5,0,0,1,0,0,0,1,0,1,0,0,1
834,1.0,30.0,0,0,31.0,0,1,0,0,1,0,0,1,0,0,1,0
835,0.0,34.5,0,0,6.4375,0,0,1,0,1,0,0,0,0,1,0,1
836,0.0,17.0,0,0,8.6625,0,0,1,0,0,0,1,0,0,1,0,1
837,0.0,42.0,0,0,7.55,0,0,1,0,0,0,1,0,0,1,0,1
838,0.0,35.0,0,0,7.8958,0,0,1,0,1,0,0,0,0,1,0,1
839,0.0,28.0,0,1,33.0,0,0,0,1,0,0,1,0,1,0,0,1
841,0.0,4.0,4,2,31.275,1,0,0,0,0,0,1,0,0,1,0,1
842,0.0,74.0,0,0,7.775,0,0,1,0,0,0,1,0,0,1,0,1
843,0.0,9.0,1,1,15.2458,0,1,0,0,1,0,0,0,0,1,1,0
844,1.0,16.0,0,1,39.4,0,1,0,0,0,0,1,1,0,0,1,0
845,0.0,44.0,1,0,26.0,0,1,0,0,0,0,1,0,1,0,1,0
846,1.0,18.0,0,1,9.35,0,1,0,0,0,0,1,0,0,1,1,0
847,1.0,45.0,1,1,164.8667,0,1,0,0,0,0,1,1,0,0,1,0
848,1.0,51.0,0,0,26.55,0,0,1,0,0,0,1,1,0,0,0,1
849,1.0,24.0,0,3,19.2583,0,1,0,0,1,0,0,0,0,1,1,0
851,0.0,41.0,2,0,14.1083,0,0,1,0,0,0,1,0,0,1,0,1
852,0.0,21.0,1,0,11.5,0,0,1,0,0,0,1,0,1,0,0,1
853,1.0,48.0,0,0,25.9292,0,1,0,0,0,0,1,1,0,0,1,0
854,0.0,24.0,0,0,13.0,0,0,1,0,0,0,1,0,1,0,0,1
855,1.0,42.0,0,0,13.0,0,1,0,0,0,0,1,0,1,0,1,0
856,1.0,27.0,1,0,13.8583,0,1,0,0,1,0,0,0,1,0,1,0
857,0.0,31.0,0,0,50.4958,0,0,1,0,0,0,1,1,0,0,0,1
859,1.0,4.0,1,1,11.1333,1,0,0,0,0,0,1,0,0,1,0,1
860,0.0,26.0,0,0,7.8958,0,0,1,0,0,0,1,0,0,1,0,1
861,1.0,47.0,1,1,52.5542,0,1,0,0,0,0,1,1,0,0,1,0
862,0.0,33.0,0,0,5.0,0,0,1,0,0,0,1,1,0,0,0,1
863,0.0,47.0,0,0,9.0,0,0,1,0,0,0,1,0,0,1,0,1
864,1.0,28.0,1,0,24.0,0,1,0,0,1,0,0,0,1,0,1,0
865,1.0,15.0,0,0,7.225,0,1,0,0,1,0,0,0,0,1,1,0
866,0.0,20.0,0,0,9.8458,0,0,1,0,0,0,1,0,0,1,0,1
867,0.0,19.0,0,0,7.8958,0,0,1,0,0,0,1,0,0,1,0,1
869,1.0,56.0,0,1,83.1583,0,1,0,0,1,0,0,1,0,0,1,0
870,1.0,25.0,0,1,26.0,0,1,0,0,0,0,1,0,1,0,1,0
871,0.0,33.0,0,0,7.8958,0,0,1,0,0,0,1,0,0,1,0,1
872,0.0,22.0,0,0,10.5167,0,1,0,0,0,0,1,0,0,1,1,0
873,0.0,28.0,0,0,10.5,0,0,1,0,0,0,1,0,1,0,0,1
874,0.0,25.0,0,0,7.05,0,0,1,0,0,0,1,0,0,1,0,1
875,0.0,39.0,0,5,29.125,0,1,0,0,0,1,0,0,0,1,1,0
876,0.0,27.0,0,0,13.0,0,0,0,1,0,0,1,0,1,0,0,1
877,1.0,19.0,0,0,30.0,0,1,0,0,0,0,1,1,0,0,1,0
879,1.0,26.0,0,0,30.0,0,0,1,0,1,0,0,1,0,0,0,1
880,0.0,32.0,0,0,7.75,0,0,1,0,0,1,0,0,0,1,0,1
881,,34.5,0,0,7.8292,0,0,1,0,0,1,0,0,0,1,0,1
882,,47.0,1,0,7.0,0,1,0,0,0,0,1,0,0,1,1,0
883,,62.0,0,0,9.6875,0,0,1,0,0,1,0,0,1,0,0,1
884,,27.0,0,0,8.6625,0,0,1,0,0,0,1,0,0,1,0,1
885,,22.0,1,1,12.2875,0,1,0,0,0,0,1,0,0,1,1,0
886,,14.0,0,0,9.225,0,0,1,0,0,0,1,0,0,1,0,1
887,,30.0,0,0,7.6292,0,1,0,0,0,1,0,0,0,1,1,0
888,,26.0,1,1,29.0,0,0,1,0,0,0,1,0,1,0,0,1
889,,18.0,0,0,7.2292,0,1,0,0,1,0,0,0,0,1,1,0
890,,21.0,2,0,24.15,0,0,1,0,0,0,1,0,0,1,0,1
892,,46.0,0,0,26.0,0,0,1,0,0,0,1,1,0,0,0,1
893,,23.0,1,0,82.2667,0,1,0,0,0,0,1,1,0,0,1,0
894,,63.0,1,0,26.0,0,0,1,0,0,0,1,0,1,0,0,1
895,,47.0,1,0,61.175,0,1,0,0,0,0,1,1,0,0,1,0
896,,24.0,1,0,27.7208,0,1,0,0,1,0,0,0,1,0,1,0
897,,35.0,0,0,12.35,0,0,1,0,0,1,0,0,1,0,0,1
898,,21.0,0,0,7.225,0,0,1,0,1,0,0,0,0,1,0,1
899,,27.0,1,0,7.925,0,1,0,0,0,0,1,0,0,1,1,0
900,,45.0,0,0,7.225,0,1,0,0,1,0,0,0,0,1,1,0
901,,55.0,1,0,59.4,0,0,1,0,1,0,0,1,0,0,0,1
902,,9.0,0,1,3.1708,1,0,0,0,0,0,1,0,0,1,0,1
904,,21.0,0,1,61.3792,0,0,1,0,1,0,0,1,0,0,0,1
905,,48.0,1,3,262.375,0,1,0,0,1,0,0,1,0,0,1,0
906,,50.0,1,0,14.5,0,0,1,0,0,0,1,0,0,1,0,1
907,,22.0,0,1,61.9792,0,1,0,0,1,0,0,1,0,0,1,0
908,,22.5,0,0,7.225,0,0,1,0,1,0,0,0,0,1,0,1
909,,41.0,0,0,30.5,0,0,1,0,0,0,1,1,0,0,0,1
911,,50.0,1,0,26.0,0,0,1,0,0,0,1,0,1,0,0,1
912,,24.0,2,0,31.5,0,0,1,0,0,0,1,0,1,0,0,1
913,,33.0,1,2,20.575,0,1,0,0,0,0,1,0,0,1,1,0
915,,30.0,1,0,57.75,0,0,1,0,1,0,0,1,0,0,0,1
916,,18.5,0,0,7.2292,0,0,1,0,1,0,0,0,0,1,0,1
918,,21.0,0,0,8.6625,0,1,0,0,0,0,1,0,0,1,1,0
919,,25.0,0,0,9.5,0,0,1,0,0,0,1,0,0,1,0,1
921,,39.0,0,1,13.4167,0,0,1,0,1,0,0,0,0,1,0,1
923,,41.0,0,0,7.85,0,0,1,0,0,0,1,0,0,1,0,1
924,,30.0,0,0,13.0,0,1,0,0,0,0,1,0,1,0,1,0
925,,45.0,1,0,52.5542,0,1,0,0,0,0,1,1,0,0,1,0
926,,25.0,0,0,7.925,0,0,1,0,0,0,1,0,0,1,0,1
927,,45.0,0,0,29.7,0,0,1,0,1,0,0,1,0,0,0,1
929,,60.0,0,0,76.2917,0,1,0,0,1,0,0,1,0,0,1,0
930,,36.0,0,2,15.9,0,1,0,0,0,0,1,0,0,1,1,0
931,,24.0,1,0,60.0,0,0,1,0,0,0,1,1,0,0,0,1
932,,27.0,0,0,15.0333,0,0,1,0,1,0,0,0,1,0,0,1
933,,20.0,2,1,23.0,0,1,0,0,0,0,1,0,1,0,1,0
934,,28.0,3,2,263.0,0,1,0,0,0,0,1,1,0,0,1,0
936,,10.0,4,1,29.125,1,0,0,0,0,1,0,0,0,1,0,1
937,,35.0,0,0,7.8958,0,0,1,0,0,0,1,0,0,1,0,1
938,,25.0,0,0,7.65,0,0,1,0,0,0,1,0,0,1,0,1
940,,36.0,0,0,262.375,0,1,0,0,1,0,0,1,0,0,1,0
941,,17.0,0,0,7.8958,0,0,1,0,0,0,1,0,0,1,0,1
942,,32.0,0,0,13.5,0,0,1,0,0,0,1,0,1,0,0,1
943,,18.0,0,0,7.75,0,0,1,0,0,0,1,0,0,1,0,1
944,,22.0,0,0,7.725,0,1,0,0,0,1,0,0,0,1,1,0
945,,13.0,2,2,262.375,1,0,0,0,1,0,0,1,0,0,0,1
947,,18.0,0,0,7.8792,0,1,0,0,0,1,0,0,0,1,1,0
948,,47.0,0,0,42.4,0,0,1,0,0,0,1,1,0,0,0,1
949,,31.0,0,0,28.5375,0,0,1,0,1,0,0,1,0,0,0,1
950,,60.0,1,4,263.0,0,1,0,0,0,0,1,1,0,0,1,0
951,,24.0,0,0,7.75,0,1,0,0,0,1,0,0,0,1,1,0
952,,21.0,0,0,7.8958,0,0,1,0,0,0,1,0,0,1,0,1
953,,29.0,0,0,7.925,0,1,0,0,0,0,1,0,0,1,1,0
954,,28.5,0,0,27.7208,0,0,1,0,1,0,0,1,0,0,0,1
955,,35.0,0,0,211.5,0,1,0,0,1,0,0,1,0,0,1,0
956,,32.5,0,0,211.5,0,0,1,0,1,0,0,1,0,0,0,1
958,,55.0,2,0,25.7,0,1,0,0,0,0,1,1,0,0,1,0
959,,30.0,0,0,13.0,0,0,1,0,0,0,1,0,1,0,0,1
960,,24.0,0,0,7.75,0,1,0,0,0,1,0,0,0,1,1,0
961,,6.0,1,1,15.2458,1,0,0,0,1,0,0,0,0,1,0,1
962,,67.0,1,0,221.7792,0,0,1,0,0,0,1,1,0,0,0,1
963,,49.0,0,0,26.0,0,0,1,0,0,0,1,1,0,0,0,1
967,,27.0,0,0,7.8792,0,1,0,0,0,1,0,0,0,1,1,0
968,,18.0,0,0,8.05,0,1,0,0,0,0,1,0,0,1,1,0
970,,2.0,1,1,23.0,1,0,0,0,0,0,1,0,1,0,0,1
971,,22.0,1,0,13.9,0,1,0,0,0,0,1,0,0,1,1,0
973,,27.0,1,2,52.0,0,1,0,0,0,0,1,1,0,0,1,0
975,,25.0,0,0,26.0,0,0,1,0,1,0,0,1,0,0,0,1
976,,25.0,0,0,7.7958,0,0,1,0,0,0,1,0,0,1,0,1
977,,76.0,1,0,78.85,0,1,0,0,0,0,1,1,0,0,1,0
978,,29.0,0,0,7.925,0,0,1,0,0,0,1,0,0,1,0,1
979,,20.0,0,0,7.8542,0,1,0,0,0,0,1,0,0,1,1,0
980,,33.0,0,0,8.05,0,0,1,0,0,0,1,0,0,1,0,1
981,,43.0,1,0,55.4417,0,1,0,0,1,0,0,1,0,0,1,0
982,,27.0,1,0,26.0,0,0,1,0,0,0,1,0,1,0,0,1
984,,26.0,0,0,7.775,0,0,1,0,0,0,1,0,0,1,0,1
985,,16.0,1,1,8.5167,0,1,0,0,1,0,0,0,0,1,1,0
986,,28.0,0,0,22.525,0,0,1,0,0,0,1,0,0,1,0,1
987,,21.0,0,0,7.8208,0,0,1,0,0,1,0,0,0,1,0,1
990,,18.5,0,0,13.0,0,0,1,0,0,0,1,0,1,0,0,1
991,,41.0,0,0,15.0458,0,0,1,0,1,0,0,0,1,0,0,1
993,,36.0,0,0,31.6792,0,1,0,0,1,0,0,1,0,0,1,0
994,,18.5,0,0,7.2833,0,1,0,0,0,1,0,0,0,1,1,0
995,,63.0,1,0,221.7792,0,1,0,0,0,0,1,1,0,0,1,0
996,,18.0,1,0,14.4542,0,0,1,0,1,0,0,0,0,1,0,1
998,,1.0,1,1,16.7,0,1,0,0,0,0,1,0,0,1,1,0
999,,36.0,0,0,75.2417,0,0,1,0,1,0,0,1,0,0,0,1
1000,,29.0,1,0,26.0,0,1,0,0,0,0,1,0,1,0,1,0
1001,,12.0,0,0,15.75,0,1,0,0,0,0,1,0,1,0,1,0
1003,,35.0,1,0,57.75,0,1,0,0,1,0,0,1,0,0,1,0
1004,,28.0,0,0,7.25,0,0,1,0,0,0,1,0,0,1,0,1
1006,,17.0,0,1,16.1,0,1,0,0,0,0,1,0,0,1,1,0
1007,,22.0,0,0,7.7958,0,0,1,0,0,0,1,0,0,1,0,1
1009,,42.0,0,0,13.0,0,0,1,0,0,0,1,0,1,0,0,1
1010,,24.0,0,0,8.05,0,0,1,0,0,0,1,0,0,1,0,1
1011,,32.0,0,0,8.05,0,0,1,0,0,0,1,0,0,1,0,1
1012,,53.0,0,0,28.5,0,0,0,1,1,0,0,1,0,0,0,1
1015,,43.0,0,0,7.8958,0,0,1,0,0,0,1,0,0,1,0,1
1016,,24.0,0,0,7.8542,0,0,1,0,0,0,1,0,0,1,0,1
1017,,26.5,0,0,7.225,0,0,1,0,1,0,0,0,0,1,0,1
1018,,26.0,0,0,13.0,0,0,1,0,0,0,1,0,1,0,0,1
1019,,23.0,0,0,8.05,0,1,0,0,0,0,1,0,0,1,1,0
1020,,40.0,1,6,46.9,0,0,1,0,0,0,1,0,0,1,0,1
1021,,10.0,5,2,46.9,0,1,0,0,0,0,1,0,0,1,1,0
1022,,33.0,0,0,151.55,0,1,0,0,0,0,1,1,0,0,1,0
1023,,61.0,1,3,262.375,0,0,1,0,1,0,0,1,0,0,0,1
1024,,28.0,0,0,26.0,0,0,1,0,0,0,1,0,1,0,0,1
1025,,42.0,0,0,26.55,0,0,1,0,0,0,1,1,0,0,0,1
1026,,31.0,3,0,18.0,0,0,1,0,0,0,1,0,0,1,0,1
1028,,22.0,0,0,8.05,0,0,1,0,0,0,1,0,0,1,0,1
1030,,30.0,1,1,26.0,0,0,0,1,0,0,1,0,1,0,0,1
1031,,23.0,0,1,83.1583,0,1,0,0,1,0,0,1,0,0,1,0
1033,,60.5,0,0,12.741219971469329,0,0,1,0,0,0,1,0,0,1,0,1
1034,,36.0,0,2,12.1833,0,1,0,0,0,0,1,0,0,1,1,0
1035,,13.0,4,2,31.3875,1,0,0,0,0,0,1,0,0,1,0,1
1036,,24.0,0,0,7.55,0,0,1,0,0,0,1,0,0,1,0,1
1037,,29.0,0,0,221.7792,0,1,0,0,0,0,1,1,0,0,1,0
1038,,23.0,0,0,7.8542,0,1,0,0,0,0,1,0,0,1,1,0
1039,,42.0,0,0,26.55,0,0,1,0,0,0,1,1,0,0,0,1
1040,,26.0,0,2,13.775,0,1,0,0,0,0,1,0,0,1,1,0
1042,,7.0,1,1,15.2458,1,0,0,0,1,0,0,0,0,1,0,1
1043,,26.0,0,0,13.5,0,1,0,0,0,0,1,0,1,0,1,0
1045,,41.0,0,0,13.0,0,0,0,1,0,0,1,0,1,0,0,1
1046,,26.0,1,1,22.025,0,1,0,0,0,0,1,0,0,1,1,0
1047,,48.0,0,0,50.4958,0,0,1,0,1,0,0,1,0,0,0,1
1048,,18.0,2,2,34.375,0,0,1,0,0,0,1,0,0,1,0,1
1050,,22.0,0,0,8.9625,0,1,0,0,0,0,1,0,0,1,1,0
1052,,27.0,0,0,7.225,0,0,1,0,1,0,0,0,0,1,0,1
1053,,23.0,1,0,13.9,0,0,1,0,0,0,1,0,0,1,0,1
1055,,40.0,1,5,31.3875,0,0,1,0,0,0,1,0,0,1,0,1
1056,,15.0,0,2,39.0,0,1,0,0,0,0,1,0,1,0,1,0
1057,,20.0,0,0,36.75,0,1,0,0,0,0,1,0,1,0,1,0
1058,,54.0,1,0,55.4417,0,0,1,0,1,0,0,1,0,0,0,1
1059,,36.0,0,3,39.0,0,1,0,0,0,0,1,0,1,0,1,0
1060,,64.0,0,2,83.1583,0,1,0,0,1,0,0,1,0,0,1,0
1061,,30.0,0,0,13.0,0,0,1,0,0,0,1,0,1,0,0,1
1062,,37.0,1,1,83.1583,0,0,1,0,1,0,0,1,0,0,0,1
1063,,18.0,1,0,53.1,0,1,0,0,0,0,1,1,0,0,1,0
1065,,27.0,1,1,247.5208,0,1,0,0,1,0,0,1,0,0,1,0
1066,,40.0,0,0,16.0,0,0,1,0,0,0,1,0,1,0,0,1
1067,,21.0,0,1,21.0,0,1,0,0,0,0,1,0,1,0,1,0
1068,,17.0,2,0,8.05,0,0,1,0,0,0,1,0,0,1,0,1
1070,,40.0,0,0,13.0,0,0,1,0,0,0,1,0,1,0,0,1
1071,,34.0,1,0,26.0,0,0,1,0,0,0,1,0,1,0,0,1
1073,,11.5,1,1,14.5,1,0,0,0,0,0,1,0,0,1,0,1
1074,,61.0,0,0,12.35,0,0,1,0,0,1,0,0,1,0,0,1
1075,,8.0,0,2,32.5,1,0,0,0,0,0,1,0,1,0,0,1
1076,,33.0,0,0,7.8542,0,0,1,0,0,0,1,0,0,1,0,1
1077,,6.0,0,2,134.5,1,0,0,0,1,0,0,1,0,0,0,1
1078,,18.0,0,0,7.775,0,1,0,0,0,0,1,0,0,1,1,0
1079,,23.0,0,0,10.5,0,0,1,0,0,0,1,0,1,0,0,1
1082,,0.33,0,2,14.4,1,0,0,0,0,0,1,0,0,1,0,1
1083,,47.0,1,0,227.525,0,0,0,1,1,0,0,1,0,0,0,1
1084,,8.0,1,1,26.0,0,1,0,0,0,0,1,0,1,0,1,0
1085,,25.0,0,0,10.5,0,0,1,0,0,0,1,0,1,0,0,1
1087,,35.0,0,0,7.75,0,1,0,0,0,1,0,0,0,1,1,0
1088,,24.0,0,0,10.5,0,0,1,0,0,0,1,0,1,0,0,1
1089,,33.0,0,0,27.7208,0,1,0,0,1,0,0,1,0,0,1,0
1090,,25.0,0,0,7.8958,0,0,1,0,0,0,1,0,0,1,0,1
1091,,32.0,0,0,22.525,0,0,1,0,0,0,1,0,0,1,0,1
1093,,17.0,0,0,73.5,0,0,1,0,0,0,1,0,1,0,0,1
